"1,""1219236"",""Ahmad Fadli Tambunan"",""male"",""082210335040"",""ahmadfadlitambunan12@gmail.com"",""2022-06-03T09:16:04.000000Z"",""admin"",""profile-images/gihOGitWwNMlA5H8LvMd1BHoiaGPFCbRtzeiPkrK.jpg"",""2022-06-03T09:16:04.000000Z"",""2022-06-04T10:31:01.000000Z"""
"2,""1216773"",""Gara Gunarto"",""male"",""68629727492"",""mdamanik@example.net"",""2022-06-03T09:16:04.000000Z"",""admin"",""profile-images/profile.png"",""2022-06-03T09:16:04.000000Z"",""2022-06-03T09:16:04.000000Z"""
"3,""1210682"",""Alambana Maryadi"",""female"",""37409863400"",""lukman.mulyani@example.com"",""2022-06-03T09:16:04.000000Z"",""admin"",""profile-images/profile.png"",""2022-06-03T09:16:04.000000Z"",""2022-06-03T09:16:04.000000Z"""
"4,""1213698"",""Fadli"",""male"",""268626667748"",""pyuniar@example.org"",""2022-06-03T09:16:04.000000Z"",""guru"",""profile-images/5oGsS9lyf0pyYXdU0d66aBkCW0aGN4CTuoLwG2Xq.jpg"",""2022-06-03T09:16:04.000000Z"",""2022-06-03T13:53:26.000000Z"""
"5,""1218680"",""Ratna Nuraini"",""male"",""252827391533"",""saputra.yunita@example.org"",""2022-06-03T09:16:04.000000Z"",""guru"",""profile-images/profile.png"",""2022-06-03T09:16:04.000000Z"",""2022-06-03T09:16:04.000000Z"""
"6,""1219463"",""Ratih Wastuti"",""female"",""88829981737446"",""nadia30@example.net"",""2022-06-03T09:16:04.000000Z"",""guru"",""profile-images/profile.png"",""2022-06-03T09:16:04.000000Z"",""2022-06-03T09:16:04.000000Z"""
"7,""1211504"",""Ade Laksita"",""male"",""29078095"",""purwadi17@example.org"",""2022-06-03T09:16:04.000000Z"",""admin"",""profile-images/profile.png"",""2022-06-03T09:16:04.000000Z"",""2022-06-03T09:16:04.000000Z"""
"8,""1219718"",""Bala Najmudin"",""male"",""3753802757582"",""bagya.wulandari@example.net"",""2022-06-03T09:16:04.000000Z"",""admin"",""profile-images/profile.png"",""2022-06-03T09:16:04.000000Z"",""2022-06-03T09:16:04.000000Z"""
"9,""1217308"",""Balapati Sihotang S.E."",""female"",""687006983"",""lukman84@example.org"",""2022-06-03T09:16:04.000000Z"",""admin"",""profile-images/profile.png"",""2022-06-03T09:16:04.000000Z"",""2022-06-03T09:16:04.000000Z"""
"10,""1211612"",""Hendra Damanik"",""male"",""37099062891"",""wriyanti@example.org"",""2022-06-03T09:16:04.000000Z"",""admin"",""profile-images/profile.png"",""2022-06-03T09:16:04.000000Z"",""2022-06-03T09:16:04.000000Z"""
