"1","1219846","Ade Hariyah","female","664140576077","ilsa20@example.net","2022-06-08T03:52:28.000000Z","guru","profile-images/profile.png","2022-06-08T03:52:28.000000Z","2022-06-08T03:52:28.000000Z"
"2","1210256","Gandi Putra M.Ak","male","650958286714","cinta.purwanti@example.net","2022-06-08T03:52:28.000000Z","guru","profile-images/profile.png","2022-06-08T03:52:28.000000Z","2022-06-08T03:52:28.000000Z"
"3","1215914","Caturangga Lanang Siregar","female","2911043305","gatot.adriansyah@example.org","2022-06-08T03:52:28.000000Z","guru","profile-images/profile.png","2022-06-08T03:52:28.000000Z","2022-06-08T03:52:28.000000Z"
"4","1213341","Teddy Prabu Hutapea M.Ak","female","3817407644172","tarihoran.gaduh@example.com","2022-06-08T03:52:28.000000Z","guru","profile-images/profile.png","2022-06-08T03:52:28.000000Z","2022-06-08T03:52:28.000000Z"
"8","1216273","Zulaikha Haryanti S.Kom","female","245479120418","bsuartini@example.com","2022-06-08T03:52:28.000000Z","guru","profile-images/profile.png","2022-06-08T03:52:28.000000Z","2022-06-08T03:52:28.000000Z"
